{
    "theme": "elegant",
    "name": "Elegant",
    "creator": "Natã Andreghetone",
    "description": "The first and default capsWatcher theme's",
    "github_user": "nxtsoul",
    "creation_date": "2023-11-18 02:39:45",
    "darkMode": {
        "isSupported": true,
        "numLockSupport": true,
        "capsLockSupport": true,
        "scrollLockSupport": true,
        "overlayPath": "dark"
    },
    "lightMode": {
        "isSupported": true,
        "numLockSupport": true,
        "capsLockSupport": true,
        "scrollLockSupport": true,
        "overlayPath": "light"
    }
}